claim_id,claim_rank,canonical_key,title,year,doi,pmid,arxiv,url,domains_json,domain_count,best_domain_rank,maximum_domain_score,scientific_review_priority,screen_decision,review_status,unique_review_order,claim_count,claims_json
TC-NOV-001,2,doi:10.1117/1.jbo.28.3.035001,Deep learning-based optical approach for skin analysis of melanin and hemoglobin distribution.,2023.0,10.1117/1.jbo.28.3.035001,36992693.0,,https://europepmc.org/article/MED/36992693,"[""fisher_information_and_cramer_rao_skin_imaging"",""melanin_hemoglobin_and_scattering_identifiability"",""multispectral_band_selection_and_measurement_design"",""skin_reflectance_inverse_models""]",4,3,14.646128,126.62558933333334,UNADJUDICATED,PENDING_EVIDENCE_RESOLUTION,1,4,"[""TC-NOV-001"",""TC-NOV-002"",""TC-NOV-003"",""TC-NOV-005""]"
TC-NOV-002,6,doi:10.1117/1.jbo.28.3.035001,Deep learning-based optical approach for skin analysis of melanin and hemoglobin distribution.,2023.0,10.1117/1.jbo.28.3.035001,36992693.0,,https://europepmc.org/article/MED/36992693,"[""fisher_information_and_cramer_rao_skin_imaging"",""melanin_hemoglobin_and_scattering_identifiability"",""multispectral_band_selection_and_measurement_design"",""skin_reflectance_inverse_models""]",4,3,14.646128,126.62558933333334,UNADJUDICATED,PENDING_EVIDENCE_RESOLUTION,1,4,"[""TC-NOV-001"",""TC-NOV-002"",""TC-NOV-003"",""TC-NOV-005""]"
TC-NOV-003,6,doi:10.1117/1.jbo.28.3.035001,Deep learning-based optical approach for skin analysis of melanin and hemoglobin distribution.,2023.0,10.1117/1.jbo.28.3.035001,36992693.0,,https://europepmc.org/article/MED/36992693,"[""fisher_information_and_cramer_rao_skin_imaging"",""melanin_hemoglobin_and_scattering_identifiability"",""multispectral_band_selection_and_measurement_design"",""skin_reflectance_inverse_models""]",4,3,14.646128,126.62558933333334,UNADJUDICATED,PENDING_EVIDENCE_RESOLUTION,1,4,"[""TC-NOV-001"",""TC-NOV-002"",""TC-NOV-003"",""TC-NOV-005""]"
TC-NOV-005,4,doi:10.1117/1.jbo.28.3.035001,Deep learning-based optical approach for skin analysis of melanin and hemoglobin distribution.,2023.0,10.1117/1.jbo.28.3.035001,36992693.0,,https://europepmc.org/article/MED/36992693,"[""fisher_information_and_cramer_rao_skin_imaging"",""melanin_hemoglobin_and_scattering_identifiability"",""multispectral_band_selection_and_measurement_design"",""skin_reflectance_inverse_models""]",4,3,14.646128,126.62558933333334,UNADJUDICATED,PENDING_EVIDENCE_RESOLUTION,1,4,"[""TC-NOV-001"",""TC-NOV-002"",""TC-NOV-003"",""TC-NOV-005""]"
TC-NOV-001,1,doi:10.1046/j.0022-202x.2001.01577.x,"Skin Melanin, Hemoglobin, and Light Scattering Properties can be Quantitatively Assessed In Vivo Using Diffuse Reflectance Spectroscopy",2001.0,10.1046/j.0022-202x.2001.01577.x,,,https://doi.org/10.1046/j.0022-202x.2001.01577.x,"[""fisher_information_and_cramer_rao_skin_imaging"",""melanin_hemoglobin_and_scattering_identifiability"",""skin_reflectance_inverse_models"",""skin_tissue_optical_forward_models""]",4,1,19.075188,197.150376,UNADJUDICATED,PENDING_EVIDENCE_RESOLUTION,2,3,"[""TC-NOV-001"",""TC-NOV-002"",""TC-NOV-005""]"
TC-NOV-002,1,doi:10.1046/j.0022-202x.2001.01577.x,"Skin Melanin, Hemoglobin, and Light Scattering Properties can be Quantitatively Assessed In Vivo Using Diffuse Reflectance Spectroscopy",2001.0,10.1046/j.0022-202x.2001.01577.x,,,https://doi.org/10.1046/j.0022-202x.2001.01577.x,"[""fisher_information_and_cramer_rao_skin_imaging"",""melanin_hemoglobin_and_scattering_identifiability"",""skin_reflectance_inverse_models"",""skin_tissue_optical_forward_models""]",4,1,19.075188,197.150376,UNADJUDICATED,PENDING_EVIDENCE_RESOLUTION,2,3,"[""TC-NOV-001"",""TC-NOV-002"",""TC-NOV-005""]"
TC-NOV-005,1,doi:10.1046/j.0022-202x.2001.01577.x,"Skin Melanin, Hemoglobin, and Light Scattering Properties can be Quantitatively Assessed In Vivo Using Diffuse Reflectance Spectroscopy",2001.0,10.1046/j.0022-202x.2001.01577.x,,,https://doi.org/10.1046/j.0022-202x.2001.01577.x,"[""fisher_information_and_cramer_rao_skin_imaging"",""melanin_hemoglobin_and_scattering_identifiability"",""skin_reflectance_inverse_models"",""skin_tissue_optical_forward_models""]",4,1,19.075188,197.150376,UNADJUDICATED,PENDING_EVIDENCE_RESOLUTION,2,3,"[""TC-NOV-001"",""TC-NOV-002"",""TC-NOV-005""]"
TC-NOV-001,3,doi:10.1002/jbio.202400118,Noninvasive Detection of the Skin Structure and Inversed Retrieval of Chromophore Information Based on Diffuse Reflectance Spectroscopy,2024.0,10.1002/jbio.202400118,,,https://doi.org/10.1002/jbio.202400118,"[""melanin_hemoglobin_and_scattering_identifiability"",""skin_reflectance_inverse_models""]",2,2,16.0,119.0,UNADJUDICATED,PENDING_EVIDENCE_RESOLUTION,3,3,"[""TC-NOV-001"",""TC-NOV-002"",""TC-NOV-005""]"
TC-NOV-002,7,doi:10.1002/jbio.202400118,Noninvasive Detection of the Skin Structure and Inversed Retrieval of Chromophore Information Based on Diffuse Reflectance Spectroscopy,2024.0,10.1002/jbio.202400118,,,https://doi.org/10.1002/jbio.202400118,"[""melanin_hemoglobin_and_scattering_identifiability"",""skin_reflectance_inverse_models""]",2,2,16.0,119.0,UNADJUDICATED,PENDING_EVIDENCE_RESOLUTION,3,3,"[""TC-NOV-001"",""TC-NOV-002"",""TC-NOV-005""]"
TC-NOV-005,5,doi:10.1002/jbio.202400118,Noninvasive Detection of the Skin Structure and Inversed Retrieval of Chromophore Information Based on Diffuse Reflectance Spectroscopy,2024.0,10.1002/jbio.202400118,,,https://doi.org/10.1002/jbio.202400118,"[""melanin_hemoglobin_and_scattering_identifiability"",""skin_reflectance_inverse_models""]",2,2,16.0,119.0,UNADJUDICATED,PENDING_EVIDENCE_RESOLUTION,3,3,"[""TC-NOV-001"",""TC-NOV-002"",""TC-NOV-005""]"
TC-NOV-001,4,doi:10.1007/s10043-015-0177-3,Evaluation of light scattering properties and chromophore concentrations in skin tissue based on diffuse reflectance signals at isosbestic wavelengths of hemoglobin,2016.0,10.1007/s10043-015-0177-3,,,https://doi.org/10.1007/s10043-015-0177-3,"[""melanin_hemoglobin_and_scattering_identifiability"",""skin_reflectance_inverse_models"",""skin_tissue_optical_forward_models""]",3,3,16.10206,113.53745333333332,UNADJUDICATED,PENDING_EVIDENCE_RESOLUTION,4,3,"[""TC-NOV-001"",""TC-NOV-002"",""TC-NOV-005""]"
TC-NOV-002,8,doi:10.1007/s10043-015-0177-3,Evaluation of light scattering properties and chromophore concentrations in skin tissue based on diffuse reflectance signals at isosbestic wavelengths of hemoglobin,2016.0,10.1007/s10043-015-0177-3,,,https://doi.org/10.1007/s10043-015-0177-3,"[""melanin_hemoglobin_and_scattering_identifiability"",""skin_reflectance_inverse_models"",""skin_tissue_optical_forward_models""]",3,3,16.10206,113.53745333333332,UNADJUDICATED,PENDING_EVIDENCE_RESOLUTION,4,3,"[""TC-NOV-001"",""TC-NOV-002"",""TC-NOV-005""]"
TC-NOV-005,6,doi:10.1007/s10043-015-0177-3,Evaluation of light scattering properties and chromophore concentrations in skin tissue based on diffuse reflectance signals at isosbestic wavelengths of hemoglobin,2016.0,10.1007/s10043-015-0177-3,,,https://doi.org/10.1007/s10043-015-0177-3,"[""melanin_hemoglobin_and_scattering_identifiability"",""skin_reflectance_inverse_models"",""skin_tissue_optical_forward_models""]",3,3,16.10206,113.53745333333332,UNADJUDICATED,PENDING_EVIDENCE_RESOLUTION,4,3,"[""TC-NOV-001"",""TC-NOV-002"",""TC-NOV-005""]"
TC-NOV-001,5,doi:10.1007/s10043-010-0040-5,Monte Carlo simulation of spectral reflectance using a multilayered skin tissue model,2010.0,10.1007/s10043-010-0040-5,,,https://doi.org/10.1007/s10043-010-0040-5,"[""skin_tissue_optical_forward_models""]",1,2,17.429419,110.858838,UNADJUDICATED,PENDING_EVIDENCE_RESOLUTION,5,3,"[""TC-NOV-001"",""TC-NOV-002"",""TC-NOV-005""]"
TC-NOV-002,9,doi:10.1007/s10043-010-0040-5,Monte Carlo simulation of spectral reflectance using a multilayered skin tissue model,2010.0,10.1007/s10043-010-0040-5,,,https://doi.org/10.1007/s10043-010-0040-5,"[""skin_tissue_optical_forward_models""]",1,2,17.429419,110.858838,UNADJUDICATED,PENDING_EVIDENCE_RESOLUTION,5,3,"[""TC-NOV-001"",""TC-NOV-002"",""TC-NOV-005""]"
TC-NOV-005,7,doi:10.1007/s10043-010-0040-5,Monte Carlo simulation of spectral reflectance using a multilayered skin tissue model,2010.0,10.1007/s10043-010-0040-5,,,https://doi.org/10.1007/s10043-010-0040-5,"[""skin_tissue_optical_forward_models""]",1,2,17.429419,110.858838,UNADJUDICATED,PENDING_EVIDENCE_RESOLUTION,5,3,"[""TC-NOV-001"",""TC-NOV-002"",""TC-NOV-005""]"
TC-NOV-001,6,doi:10.1117/1.jbo.29.9.093507,"Hyperspectral imaging with deep learning for quantification of tissue hemoglobin, melanin, and scattering",2024.0,10.1117/1.jbo.29.9.093507,,,https://doi.org/10.1117/1.jbo.29.9.093507,"[""melanin_hemoglobin_and_scattering_identifiability""]",1,2,13.454243,102.908486,UNADJUDICATED,PENDING_EVIDENCE_RESOLUTION,6,3,"[""TC-NOV-001"",""TC-NOV-002"",""TC-NOV-005""]"
TC-NOV-002,12,doi:10.1117/1.jbo.29.9.093507,"Hyperspectral imaging with deep learning for quantification of tissue hemoglobin, melanin, and scattering",2024.0,10.1117/1.jbo.29.9.093507,,,https://doi.org/10.1117/1.jbo.29.9.093507,"[""melanin_hemoglobin_and_scattering_identifiability""]",1,2,13.454243,102.908486,UNADJUDICATED,PENDING_EVIDENCE_RESOLUTION,6,3,"[""TC-NOV-001"",""TC-NOV-002"",""TC-NOV-005""]"
TC-NOV-005,8,doi:10.1117/1.jbo.29.9.093507,"Hyperspectral imaging with deep learning for quantification of tissue hemoglobin, melanin, and scattering",2024.0,10.1117/1.jbo.29.9.093507,,,https://doi.org/10.1117/1.jbo.29.9.093507,"[""melanin_hemoglobin_and_scattering_identifiability""]",1,2,13.454243,102.908486,UNADJUDICATED,PENDING_EVIDENCE_RESOLUTION,6,3,"[""TC-NOV-001"",""TC-NOV-002"",""TC-NOV-005""]"
TC-NOV-001,7,doi:10.1117/1.jbo.28.10.107001,"Measuring and imaging of transcutaneous bilirubin, hemoglobin, and melanin based on diffuse reflectance spectroscopy",2023.0,10.1117/1.jbo.28.10.107001,37915398.0,,https://doi.org/10.1117/1.jbo.28.10.107001,"[""skin_reflectance_inverse_models"",""skin_tissue_optical_forward_models""]",2,4,15.579181,93.158362,UNADJUDICATED,PENDING_EVIDENCE_RESOLUTION,7,3,"[""TC-NOV-001"",""TC-NOV-002"",""TC-NOV-005""]"
TC-NOV-002,15,doi:10.1117/1.jbo.28.10.107001,"Measuring and imaging of transcutaneous bilirubin, hemoglobin, and melanin based on diffuse reflectance spectroscopy",2023.0,10.1117/1.jbo.28.10.107001,37915398.0,,https://doi.org/10.1117/1.jbo.28.10.107001,"[""skin_reflectance_inverse_models"",""skin_tissue_optical_forward_models""]",2,4,15.579181,93.158362,UNADJUDICATED,PENDING_EVIDENCE_RESOLUTION,7,3,"[""TC-NOV-001"",""TC-NOV-002"",""TC-NOV-005""]"
TC-NOV-005,11,doi:10.1117/1.jbo.28.10.107001,"Measuring and imaging of transcutaneous bilirubin, hemoglobin, and melanin based on diffuse reflectance spectroscopy",2023.0,10.1117/1.jbo.28.10.107001,37915398.0,,https://doi.org/10.1117/1.jbo.28.10.107001,"[""skin_reflectance_inverse_models"",""skin_tissue_optical_forward_models""]",2,4,15.579181,93.158362,UNADJUDICATED,PENDING_EVIDENCE_RESOLUTION,7,3,"[""TC-NOV-001"",""TC-NOV-002"",""TC-NOV-005""]"
TC-NOV-001,10,doi:10.1016/j.visres.2022.108048,Effect of skin colors due to hemoglobin or melanin modulation on facial expression recognition,2022.0,10.1016/j.visres.2022.108048,,,https://doi.org/10.1016/j.visres.2022.108048,"[""fisher_information_and_cramer_rao_skin_imaging"",""melanin_hemoglobin_and_scattering_identifiability"",""multispectral_band_selection_and_measurement_design""]",3,7,11.255273,89.79626028571428,UNADJUDICATED,PENDING_EVIDENCE_RESOLUTION,8,3,"[""TC-NOV-001"",""TC-NOV-003"",""TC-NOV-005""]"
TC-NOV-003,11,doi:10.1016/j.visres.2022.108048,Effect of skin colors due to hemoglobin or melanin modulation on facial expression recognition,2022.0,10.1016/j.visres.2022.108048,,,https://doi.org/10.1016/j.visres.2022.108048,"[""fisher_information_and_cramer_rao_skin_imaging"",""melanin_hemoglobin_and_scattering_identifiability"",""multispectral_band_selection_and_measurement_design""]",3,7,11.255273,89.79626028571428,UNADJUDICATED,PENDING_EVIDENCE_RESOLUTION,8,3,"[""TC-NOV-001"",""TC-NOV-003"",""TC-NOV-005""]"
TC-NOV-005,13,doi:10.1016/j.visres.2022.108048,Effect of skin colors due to hemoglobin or melanin modulation on facial expression recognition,2022.0,10.1016/j.visres.2022.108048,,,https://doi.org/10.1016/j.visres.2022.108048,"[""fisher_information_and_cramer_rao_skin_imaging"",""melanin_hemoglobin_and_scattering_identifiability"",""multispectral_band_selection_and_measurement_design""]",3,7,11.255273,89.79626028571428,UNADJUDICATED,PENDING_EVIDENCE_RESOLUTION,8,3,"[""TC-NOV-001"",""TC-NOV-003"",""TC-NOV-005""]"
TC-NOV-002,2,doi:10.1364/oe.425401,Optimized light source spectral power distribution for RGB camera based spectral reflectance recovery,2021.0,10.1364/oe.425401,,,https://doi.org/10.1364/oe.425401,"[""camera_metamerism_and_spectral_reconstruction"",""camera_spectral_sensitivity_and_observation_operators""]",2,1,12.041393,156.082786,UNADJUDICATED,PENDING_EVIDENCE_RESOLUTION,9,2,"[""TC-NOV-002"",""TC-NOV-003""]"
TC-NOV-003,1,doi:10.1364/oe.425401,Optimized light source spectral power distribution for RGB camera based spectral reflectance recovery,2021.0,10.1364/oe.425401,,,https://doi.org/10.1364/oe.425401,"[""camera_metamerism_and_spectral_reconstruction"",""camera_spectral_sensitivity_and_observation_operators""]",2,1,12.041393,156.082786,UNADJUDICATED,PENDING_EVIDENCE_RESOLUTION,9,2,"[""TC-NOV-002"",""TC-NOV-003""]"
TC-NOV-004,1,doi:10.1038/s41597-025-04382-5,Investigating the Quality of DermaMNIST and Fitzpatrick17k Dermatological Image Datasets.,2025.0,10.1038/s41597-025-04382-5,39893183.0,,https://europepmc.org/article/MED/39893183,"[""dermatology_dataset_duplicates_labels_and_quality""]",1,1,14.345098,149.690196,UNADJUDICATED,PENDING_EVIDENCE_RESOLUTION,10,2,"[""TC-NOV-004"",""TC-NOV-006""]"
TC-NOV-006,1,doi:10.1038/s41597-025-04382-5,Investigating the Quality of DermaMNIST and Fitzpatrick17k Dermatological Image Datasets.,2025.0,10.1038/s41597-025-04382-5,39893183.0,,https://europepmc.org/article/MED/39893183,"[""dermatology_dataset_duplicates_labels_and_quality""]",1,1,14.345098,149.690196,UNADJUDICATED,PENDING_EVIDENCE_RESOLUTION,10,2,"[""TC-NOV-004"",""TC-NOV-006""]"
TC-NOV-002,3,doi:10.1111/jdv.17076,"Hyperspectral measurement of skin reflectance detects differences in the visible and near‐infrared regions according to race, gender and body site",2021.0,10.1111/jdv.17076,,,https://doi.org/10.1111/jdv.17076,"[""spectral_reflectance_geometry_and_dimension""]",1,1,16.041393,153.082786,UNADJUDICATED,PENDING_EVIDENCE_RESOLUTION,11,2,"[""TC-NOV-002"",""TC-NOV-005""]"
TC-NOV-005,2,doi:10.1111/jdv.17076,"Hyperspectral measurement of skin reflectance detects differences in the visible and near‐infrared regions according to race, gender and body site",2021.0,10.1111/jdv.17076,,,https://doi.org/10.1111/jdv.17076,"[""spectral_reflectance_geometry_and_dimension""]",1,1,16.041393,153.082786,UNADJUDICATED,PENDING_EVIDENCE_RESOLUTION,11,2,"[""TC-NOV-002"",""TC-NOV-005""]"
TC-NOV-002,4,doi:10.1109/cvprw50498.2020.00239,Adaptive Weighted Attention Network with Camera Spectral Sensitivity Prior for Spectral Reconstruction from RGB Images,2020.0,10.1109/cvprw50498.2020.00239,,,https://doi.org/10.1109/cvprw50498.2020.00239,"[""camera_metamerism_and_spectral_reconstruction""]",1,1,14.757679,150.515358,UNADJUDICATED,PENDING_EVIDENCE_RESOLUTION,12,2,"[""TC-NOV-002"",""TC-NOV-003""]"
TC-NOV-003,2,doi:10.1109/cvprw50498.2020.00239,Adaptive Weighted Attention Network with Camera Spectral Sensitivity Prior for Spectral Reconstruction from RGB Images,2020.0,10.1109/cvprw50498.2020.00239,,,https://doi.org/10.1109/cvprw50498.2020.00239,"[""camera_metamerism_and_spectral_reconstruction""]",1,1,14.757679,150.515358,UNADJUDICATED,PENDING_EVIDENCE_RESOLUTION,12,2,"[""TC-NOV-002"",""TC-NOV-003""]"
TC-NOV-004,2,doi:10.1093/ced/llaf126,Representations of skin tone and sex in dermatology by generative artificial intelligence: a comparative study,2025.0,10.1093/ced/llaf126,,,https://doi.org/10.1093/ced/llaf126,"[""dermatology_ai_fairness_and_skin_tone""]",1,1,13.977121,148.954242,UNADJUDICATED,PENDING_EVIDENCE_RESOLUTION,13,2,"[""TC-NOV-004"",""TC-NOV-006""]"
TC-NOV-006,2,doi:10.1093/ced/llaf126,Representations of skin tone and sex in dermatology by generative artificial intelligence: a comparative study,2025.0,10.1093/ced/llaf126,,,https://doi.org/10.1093/ced/llaf126,"[""dermatology_ai_fairness_and_skin_tone""]",1,1,13.977121,148.954242,UNADJUDICATED,PENDING_EVIDENCE_RESOLUTION,13,2,"[""TC-NOV-004"",""TC-NOV-006""]"
TC-NOV-002,5,doi:10.1117/12.3098393,Optimal wavelength selection for laparoscopic multispectral imaging to visualize tissue oxygenation,2025.0,10.1117/12.3098393,,,https://doi.org/10.1117/12.3098393,"[""multispectral_band_selection_and_measurement_design""]",1,1,12.5,146.0,UNADJUDICATED,PENDING_EVIDENCE_RESOLUTION,14,2,"[""TC-NOV-002"",""TC-NOV-003""]"
TC-NOV-003,3,doi:10.1117/12.3098393,Optimal wavelength selection for laparoscopic multispectral imaging to visualize tissue oxygenation,2025.0,10.1117/12.3098393,,,https://doi.org/10.1117/12.3098393,"[""multispectral_band_selection_and_measurement_design""]",1,1,12.5,146.0,UNADJUDICATED,PENDING_EVIDENCE_RESOLUTION,14,2,"[""TC-NOV-002"",""TC-NOV-003""]"
TC-NOV-003,4,doi:10.2352/issn.2470-1173.2016.13.iqsp-219,Effect of Capture Illumination on Preferred White Point for Camera Automatic White Balance,2016.0,10.2352/issn.2470-1173.2016.13.iqsp-219,,,https://doi.org/10.2352/issn.2470-1173.2016.13.iqsp-219,"[""capture_variability_white_balance_and_illumination""]",1,1,11.80103,144.60206,UNADJUDICATED,PENDING_EVIDENCE_RESOLUTION,15,2,"[""TC-NOV-003"",""TC-NOV-006""]"
TC-NOV-006,3,doi:10.2352/issn.2470-1173.2016.13.iqsp-219,Effect of Capture Illumination on Preferred White Point for Camera Automatic White Balance,2016.0,10.2352/issn.2470-1173.2016.13.iqsp-219,,,https://doi.org/10.2352/issn.2470-1173.2016.13.iqsp-219,"[""capture_variability_white_balance_and_illumination""]",1,1,11.80103,144.60206,UNADJUDICATED,PENDING_EVIDENCE_RESOLUTION,15,2,"[""TC-NOV-003"",""TC-NOV-006""]"
TC-NOV-003,5,doi:10.3390/curroncol30030241,Validity of a Self-Assessment Skin Tone Palette Compared to a Colorimeter for Characterizing Skin Color for Skin Cancer Research.,2023.0,10.3390/curroncol30030241,36975454.0,,https://europepmc.org/article/MED/36975454,"[""skin_colorimetry_ita_and_color_measurement""]",1,1,11.778151,144.55630200000002,UNADJUDICATED,PENDING_EVIDENCE_RESOLUTION,16,2,"[""TC-NOV-003"",""TC-NOV-005""]"
TC-NOV-005,3,doi:10.3390/curroncol30030241,Validity of a Self-Assessment Skin Tone Palette Compared to a Colorimeter for Characterizing Skin Color for Skin Cancer Research.,2023.0,10.3390/curroncol30030241,36975454.0,,https://europepmc.org/article/MED/36975454,"[""skin_colorimetry_ita_and_color_measurement""]",1,1,11.778151,144.55630200000002,UNADJUDICATED,PENDING_EVIDENCE_RESOLUTION,16,2,"[""TC-NOV-003"",""TC-NOV-005""]"
TC-NOV-004,3,doi:10.3390/app15158321,Evaluating Skin Tone Fairness in Convolutional Neural Networks for the Classification of Diabetic Foot Ulcers,2025.0,10.3390/app15158321,,,https://doi.org/10.3390/app15158321,"[""dermatology_ai_fairness_and_skin_tone""]",1,2,13.977121,98.954242,UNADJUDICATED,PENDING_EVIDENCE_RESOLUTION,17,2,"[""TC-NOV-004"",""TC-NOV-006""]"
TC-NOV-006,4,doi:10.3390/app15158321,Evaluating Skin Tone Fairness in Convolutional Neural Networks for the Classification of Diabetic Foot Ulcers,2025.0,10.3390/app15158321,,,https://doi.org/10.3390/app15158321,"[""dermatology_ai_fairness_and_skin_tone""]",1,2,13.977121,98.954242,UNADJUDICATED,PENDING_EVIDENCE_RESOLUTION,17,2,"[""TC-NOV-004"",""TC-NOV-006""]"
TC-NOV-004,4,doi:10.2196/31697,Performance of Artificial Intelligence Imaging Models in Detecting Dermatological Manifestations in Higher Fitzpatrick Skin Color Classifications,2021.0,10.2196/31697,,,https://doi.org/10.2196/31697,"[""dermatology_ai_fairness_and_skin_tone""]",1,3,13.676091,81.68551533333334,UNADJUDICATED,PENDING_EVIDENCE_RESOLUTION,18,2,"[""TC-NOV-004"",""TC-NOV-006""]"
TC-NOV-006,5,doi:10.2196/31697,Performance of Artificial Intelligence Imaging Models in Detecting Dermatological Manifestations in Higher Fitzpatrick Skin Color Classifications,2021.0,10.2196/31697,,,https://doi.org/10.2196/31697,"[""dermatology_ai_fairness_and_skin_tone""]",1,3,13.676091,81.68551533333334,UNADJUDICATED,PENDING_EVIDENCE_RESOLUTION,18,2,"[""TC-NOV-004"",""TC-NOV-006""]"
TC-NOV-004,5,doi:10.35772/ghm.2026.01058,Artificial intelligence (AI)-assisted diagnosis of skin diseases: From image classification to dermatology-specific multimodal clinical reasoning.,2026.0,10.35772/ghm.2026.01058,42368306.0,,https://europepmc.org/article/MED/42368306,"[""dermatology_ai_fairness_and_skin_tone""]",1,4,13.5,73.0,UNADJUDICATED,PENDING_EVIDENCE_RESOLUTION,19,2,"[""TC-NOV-004"",""TC-NOV-006""]"
TC-NOV-006,8,doi:10.35772/ghm.2026.01058,Artificial intelligence (AI)-assisted diagnosis of skin diseases: From image classification to dermatology-specific multimodal clinical reasoning.,2026.0,10.35772/ghm.2026.01058,42368306.0,,https://europepmc.org/article/MED/42368306,"[""dermatology_ai_fairness_and_skin_tone""]",1,4,13.5,73.0,UNADJUDICATED,PENDING_EVIDENCE_RESOLUTION,19,2,"[""TC-NOV-004"",""TC-NOV-006""]"
TC-NOV-003,13,doi:10.3390/jimaging12050203,Characterization of RGB-Polarization Sensor-Based Cameras.,2026.0,10.3390/jimaging12050203,42188240.0,,https://europepmc.org/article/MED/42188240,"[""camera_spectral_sensitivity_and_observation_operators"",""capture_variability_white_balance_and_illumination""]",2,5,11.0,79.0,UNADJUDICATED,PENDING_EVIDENCE_RESOLUTION,20,2,"[""TC-NOV-003"",""TC-NOV-006""]"
TC-NOV-006,6,doi:10.3390/jimaging12050203,Characterization of RGB-Polarization Sensor-Based Cameras.,2026.0,10.3390/jimaging12050203,42188240.0,,https://europepmc.org/article/MED/42188240,"[""camera_spectral_sensitivity_and_observation_operators"",""capture_variability_white_balance_and_illumination""]",2,5,11.0,79.0,UNADJUDICATED,PENDING_EVIDENCE_RESOLUTION,20,2,"[""TC-NOV-003"",""TC-NOV-006""]"
TC-NOV-004,6,doi:10.1016/j.jaad.2022.06.115,32993 Association of pigment contrast on multispectral dermatoscopic imaging with pigmented lesion histopathologic diagnosis,2022.0,10.1016/j.jaad.2022.06.115,,,https://doi.org/10.1016/j.jaad.2022.06.115,"[""physics_informed_clinical_image_analysis""]",1,3,9.0,72.33333333333334,UNADJUDICATED,PENDING_EVIDENCE_RESOLUTION,21,2,"[""TC-NOV-004"",""TC-NOV-006""]"
TC-NOV-006,9,doi:10.1016/j.jaad.2022.06.115,32993 Association of pigment contrast on multispectral dermatoscopic imaging with pigmented lesion histopathologic diagnosis,2022.0,10.1016/j.jaad.2022.06.115,,,https://doi.org/10.1016/j.jaad.2022.06.115,"[""physics_informed_clinical_image_analysis""]",1,3,9.0,72.33333333333334,UNADJUDICATED,PENDING_EVIDENCE_RESOLUTION,21,2,"[""TC-NOV-004"",""TC-NOV-006""]"
TC-NOV-002,10,doi:10.1117/1.jbo.27.2.026004,Skin chromophore mapping by smartphone RGB camera under spectral band and spectral line illumination,2022.0,10.1117/1.jbo.27.2.026004,,,https://doi.org/10.1117/1.jbo.27.2.026004,"[""camera_metamerism_and_spectral_reconstruction"",""camera_spectral_sensitivity_and_observation_operators""]",2,2,13.541393,109.082786,UNADJUDICATED,PENDING_EVIDENCE_RESOLUTION,22,2,"[""TC-NOV-002"",""TC-NOV-003""]"
TC-NOV-003,7,doi:10.1117/1.jbo.27.2.026004,Skin chromophore mapping by smartphone RGB camera under spectral band and spectral line illumination,2022.0,10.1117/1.jbo.27.2.026004,,,https://doi.org/10.1117/1.jbo.27.2.026004,"[""camera_metamerism_and_spectral_reconstruction"",""camera_spectral_sensitivity_and_observation_operators""]",2,2,13.541393,109.082786,UNADJUDICATED,PENDING_EVIDENCE_RESOLUTION,22,2,"[""TC-NOV-002"",""TC-NOV-003""]"
TC-NOV-004,7,doi:10.1093/ced/llaf145,Comment on ‘Representations of skin tone and sex in dermatology by generative artificial intelligence: a comparative study’,2025.0,10.1093/ced/llaf145,,,https://doi.org/10.1093/ced/llaf145,"[""dermatology_ai_fairness_and_skin_tone""]",1,5,13.5,68.0,UNADJUDICATED,PENDING_EVIDENCE_RESOLUTION,23,2,"[""TC-NOV-004"",""TC-NOV-006""]"
TC-NOV-006,10,doi:10.1093/ced/llaf145,Comment on ‘Representations of skin tone and sex in dermatology by generative artificial intelligence: a comparative study’,2025.0,10.1093/ced/llaf145,,,https://doi.org/10.1093/ced/llaf145,"[""dermatology_ai_fairness_and_skin_tone""]",1,5,13.5,68.0,UNADJUDICATED,PENDING_EVIDENCE_RESOLUTION,23,2,"[""TC-NOV-004"",""TC-NOV-006""]"
TC-NOV-002,11,doi:10.3390/s22134923,Auxiliary Reference Samples for Extrapolating Spectral Reflectance from Camera RGB Signals,2022.0,10.3390/s22134923,,,https://doi.org/10.3390/s22134923,"[""camera_metamerism_and_spectral_reconstruction"",""camera_spectral_sensitivity_and_observation_operators""]",2,2,11.778151,105.556302,UNADJUDICATED,PENDING_EVIDENCE_RESOLUTION,24,2,"[""TC-NOV-002"",""TC-NOV-003""]"
TC-NOV-003,8,doi:10.3390/s22134923,Auxiliary Reference Samples for Extrapolating Spectral Reflectance from Camera RGB Signals,2022.0,10.3390/s22134923,,,https://doi.org/10.3390/s22134923,"[""camera_metamerism_and_spectral_reconstruction"",""camera_spectral_sensitivity_and_observation_operators""]",2,2,11.778151,105.556302,UNADJUDICATED,PENDING_EVIDENCE_RESOLUTION,24,2,"[""TC-NOV-002"",""TC-NOV-003""]"
TC-NOV-004,8,doi:10.1038/s41591-023-02540-z,External validation of AI models in health should be replaced with recurring local validation,2023.0,10.1038/s41591-023-02540-z,,,https://doi.org/10.1038/s41591-023-02540-z,"[""clinical_external_validation_and_domain_shift""]",1,4,9.664353,65.328706,UNADJUDICATED,PENDING_EVIDENCE_RESOLUTION,25,2,"[""TC-NOV-004"",""TC-NOV-006""]"
TC-NOV-006,12,doi:10.1038/s41591-023-02540-z,External validation of AI models in health should be replaced with recurring local validation,2023.0,10.1038/s41591-023-02540-z,,,https://doi.org/10.1038/s41591-023-02540-z,"[""clinical_external_validation_and_domain_shift""]",1,4,9.664353,65.328706,UNADJUDICATED,PENDING_EVIDENCE_RESOLUTION,25,2,"[""TC-NOV-004"",""TC-NOV-006""]"
TC-NOV-002,13,doi:10.1364/boe.507361,Dynamic model for the strain-modulated spectral reflectance of the human skin in vivo,2024.0,10.1364/boe.507361,,,https://doi.org/10.1364/boe.507361,"[""spectral_reflectance_geometry_and_dimension""]",1,2,13.977121,98.954242,UNADJUDICATED,PENDING_EVIDENCE_RESOLUTION,26,2,"[""TC-NOV-002"",""TC-NOV-005""]"
TC-NOV-005,9,doi:10.1364/boe.507361,Dynamic model for the strain-modulated spectral reflectance of the human skin in vivo,2024.0,10.1364/boe.507361,,,https://doi.org/10.1364/boe.507361,"[""spectral_reflectance_geometry_and_dimension""]",1,2,13.977121,98.954242,UNADJUDICATED,PENDING_EVIDENCE_RESOLUTION,26,2,"[""TC-NOV-002"",""TC-NOV-005""]"
TC-NOV-002,14,doi:10.3390/s23083888,Multispectral Imaging for Skin Diseases Assessment-State of the Art and Perspectives.,2023.0,10.3390/s23083888,37112229.0,,https://europepmc.org/article/MED/37112229,"[""multispectral_band_selection_and_measurement_design""]",1,2,12.230449,95.460898,UNADJUDICATED,PENDING_EVIDENCE_RESOLUTION,27,2,"[""TC-NOV-002"",""TC-NOV-003""]"
TC-NOV-003,9,doi:10.3390/s23083888,Multispectral Imaging for Skin Diseases Assessment-State of the Art and Perspectives.,2023.0,10.3390/s23083888,37112229.0,,https://europepmc.org/article/MED/37112229,"[""multispectral_band_selection_and_measurement_design""]",1,2,12.230449,95.460898,UNADJUDICATED,PENDING_EVIDENCE_RESOLUTION,27,2,"[""TC-NOV-002"",""TC-NOV-003""]"
TC-NOV-001,9,doi:10.1111/ics.12147,Determination of melanin types and relative concentrations: an observational study using a non‐invasive inverse skin reflectance analysis,2014.0,10.1111/ics.12147,,,https://doi.org/10.1111/ics.12147,"[""skin_reflectance_inverse_models""]",1,3,15.954243,91.24181933333334,UNADJUDICATED,PENDING_EVIDENCE_RESOLUTION,28,2,"[""TC-NOV-001"",""TC-NOV-005""]"
TC-NOV-005,12,doi:10.1111/ics.12147,Determination of melanin types and relative concentrations: an observational study using a non‐invasive inverse skin reflectance analysis,2014.0,10.1111/ics.12147,,,https://doi.org/10.1111/ics.12147,"[""skin_reflectance_inverse_models""]",1,3,15.954243,91.24181933333334,UNADJUDICATED,PENDING_EVIDENCE_RESOLUTION,28,2,"[""TC-NOV-001"",""TC-NOV-005""]"
TC-NOV-004,9,doi:10.7759/cureus.94909,Exploring the Diagnostic Capability of Artificial Intelligence in Dermatology for Darker Skin Tones: A Narrative Review.,2025.0,10.7759/cureus.94909,41262830.0,,https://europepmc.org/article/MED/41262830,"[""dermatology_ai_fairness_and_skin_tone""]",1,6,13.5,64.66666666666667,UNADJUDICATED,PENDING_EVIDENCE_RESOLUTION,29,2,"[""TC-NOV-004"",""TC-NOV-006""]"
TC-NOV-006,13,doi:10.7759/cureus.94909,Exploring the Diagnostic Capability of Artificial Intelligence in Dermatology for Darker Skin Tones: A Narrative Review.,2025.0,10.7759/cureus.94909,41262830.0,,https://europepmc.org/article/MED/41262830,"[""dermatology_ai_fairness_and_skin_tone""]",1,6,13.5,64.66666666666667,UNADJUDICATED,PENDING_EVIDENCE_RESOLUTION,29,2,"[""TC-NOV-004"",""TC-NOV-006""]"
TC-NOV-003,10,doi:10.1111/srt.13207,Validity of self‐reported skin color by using skin color evaluation scale,2022.0,10.1111/srt.13207,36210488.0,,https://doi.org/10.1111/srt.13207,"[""skin_colorimetry_ita_and_color_measurement""]",1,2,11.646128,94.292256,UNADJUDICATED,PENDING_EVIDENCE_RESOLUTION,30,2,"[""TC-NOV-003"",""TC-NOV-005""]"
TC-NOV-005,10,doi:10.1111/srt.13207,Validity of self‐reported skin color by using skin color evaluation scale,2022.0,10.1111/srt.13207,36210488.0,,https://doi.org/10.1111/srt.13207,"[""skin_colorimetry_ita_and_color_measurement""]",1,2,11.646128,94.292256,UNADJUDICATED,PENDING_EVIDENCE_RESOLUTION,30,2,"[""TC-NOV-003"",""TC-NOV-005""]"
TC-NOV-004,10,doi:10.5753/sibgrapi.est.2024.31648,Enhancing Fairness in Machine Learning: Skin Tone Classification Using the Monk Skin Tone Scale,2024.0,10.5753/sibgrapi.est.2024.31648,,,https://doi.org/10.5753/sibgrapi.est.2024.31648,"[""dermatology_ai_fairness_and_skin_tone""]",1,7,13.5,62.285714285714285,UNADJUDICATED,PENDING_EVIDENCE_RESOLUTION,31,2,"[""TC-NOV-004"",""TC-NOV-006""]"
TC-NOV-006,14,doi:10.5753/sibgrapi.est.2024.31648,Enhancing Fairness in Machine Learning: Skin Tone Classification Using the Monk Skin Tone Scale,2024.0,10.5753/sibgrapi.est.2024.31648,,,https://doi.org/10.5753/sibgrapi.est.2024.31648,"[""dermatology_ai_fairness_and_skin_tone""]",1,7,13.5,62.285714285714285,UNADJUDICATED,PENDING_EVIDENCE_RESOLUTION,31,2,"[""TC-NOV-004"",""TC-NOV-006""]"
TC-NOV-001,11,doi:10.3390/s130607902,Estimation of Melanin and Hemoglobin Using Spectral Reflectance Images Reconstructed from a Digital RGB  Image by the Wiener Estimation Method,2013.0,10.3390/s130607902,,,https://doi.org/10.3390/s130607902,"[""melanin_hemoglobin_and_scattering_identifiability"",""skin_reflectance_inverse_models""]",2,5,14.351258,85.702516,UNADJUDICATED,PENDING_EVIDENCE_RESOLUTION,32,2,"[""TC-NOV-001"",""TC-NOV-005""]"
TC-NOV-005,14,doi:10.3390/s130607902,Estimation of Melanin and Hemoglobin Using Spectral Reflectance Images Reconstructed from a Digital RGB  Image by the Wiener Estimation Method,2013.0,10.3390/s130607902,,,https://doi.org/10.3390/s130607902,"[""melanin_hemoglobin_and_scattering_identifiability"",""skin_reflectance_inverse_models""]",2,5,14.351258,85.702516,UNADJUDICATED,PENDING_EVIDENCE_RESOLUTION,32,2,"[""TC-NOV-001"",""TC-NOV-005""]"
TC-NOV-001,12,doi:10.1111/srt.12421,Analysis of the influence of collagen fibres in the dermis on skin optical reflectance by Monte Carlo simulation in a nine‐layered skin model,2018.0,10.1111/srt.12421,,,https://doi.org/10.1111/srt.12421,"[""skin_tissue_optical_forward_models""]",1,4,16.079181,83.158362,UNADJUDICATED,PENDING_EVIDENCE_RESOLUTION,33,2,"[""TC-NOV-001"",""TC-NOV-005""]"
TC-NOV-005,15,doi:10.1111/srt.12421,Analysis of the influence of collagen fibres in the dermis on skin optical reflectance by Monte Carlo simulation in a nine‐layered skin model,2018.0,10.1111/srt.12421,,,https://doi.org/10.1111/srt.12421,"[""skin_tissue_optical_forward_models""]",1,4,16.079181,83.158362,UNADJUDICATED,PENDING_EVIDENCE_RESOLUTION,33,2,"[""TC-NOV-001"",""TC-NOV-005""]"
TC-NOV-006,7,doi:10.1109/iccvw60793.2023.00122,Deterministic Neural Illumination Mapping for Efficient Auto-White Balance Correction,2023.0,10.1109/iccvw60793.2023.00122,,,https://doi.org/10.1109/iccvw60793.2023.00122,"[""capture_variability_white_balance_and_illumination""]",1,3,10.90309,76.13951333333334,UNADJUDICATED,PENDING_EVIDENCE_RESOLUTION,34,1,"[""TC-NOV-006""]"
TC-NOV-001,8,doi:10.1016/s0924-2031(01)00144-8,Melanin as a confounding factor in near infrared spectroscopy of skin,2002.0,10.1016/s0924-2031(01)00144-8,,,https://doi.org/10.1016/s0924-2031(01)00144-8,"[""fisher_information_and_cramer_rao_skin_imaging""]",1,2,10.653213,92.306426,UNADJUDICATED,PENDING_EVIDENCE_RESOLUTION,35,1,"[""TC-NOV-001""]"
TC-NOV-006,11,doi:10.1109/tip.2017.2764264,A Data Set for Camera-Independent Color Constancy,2018.0,10.1109/tip.2017.2764264,,,https://doi.org/10.1109/tip.2017.2764264,"[""capture_variability_white_balance_and_illumination""]",1,4,10.255273,66.510546,UNADJUDICATED,PENDING_EVIDENCE_RESOLUTION,36,1,"[""TC-NOV-006""]"
TC-NOV-004,11,doi:10.1111/ijd.70452,Diagnostic Accuracy of Three Large Language Models on Clinical Images Varies by Skin Tone: Findings From the Stanford Diverse Dermatology Images Dataset,2026.0,10.1111/ijd.70452,,,https://doi.org/10.1111/ijd.70452,"[""dermatology_dataset_duplicates_labels_and_quality""]",1,5,10.0,61.0,UNADJUDICATED,PENDING_EVIDENCE_RESOLUTION,37,1,"[""TC-NOV-004""]"
TC-NOV-003,12,doi:10.1364/josaa.23.001814,Metamer-set-based approach to estimating surface reflectance from camera RGB,2006.0,10.1364/josaa.23.001814,,,https://doi.org/10.1364/josaa.23.001814,"[""camera_metamerism_and_spectral_reconstruction""]",1,3,13.00515,80.34363333333334,UNADJUDICATED,PENDING_EVIDENCE_RESOLUTION,38,1,"[""TC-NOV-003""]"
TC-NOV-004,12,doi:10.1371/journal.pone.0280670,New AI-algorithms on smartphones to detect skin cancer in a clinical setting-A validation study.,2023.0,10.1371/journal.pone.0280670,36791068.0,,https://europepmc.org/article/MED/36791068,"[""clinical_external_validation_and_domain_shift""]",1,5,9.646128,60.292256,UNADJUDICATED,PENDING_EVIDENCE_RESOLUTION,39,1,"[""TC-NOV-004""]"
TC-NOV-001,13,doi:10.1117/12.3098404,Monte Carlo simulation of spectral reflectance images of human skin with embedded lesions,2025.0,10.1117/12.3098404,,,https://doi.org/10.1117/12.3098404,"[""skin_tissue_optical_forward_models"",""spectral_reflectance_geometry_and_dimension""]",2,7,14.0,79.28571428571428,UNADJUDICATED,PENDING_EVIDENCE_RESOLUTION,40,1,"[""TC-NOV-001""]"
TC-NOV-004,13,doi:10.1109/wacvw60836.2024.00067,Does the Fairness of Your Pre-Training Hold Up? Examining the Influence of Pre-Training Techniques on Skin Tone Bias in Skin Lesion Classification,2024.0,10.1109/wacvw60836.2024.00067,,,https://doi.org/10.1109/wacvw60836.2024.00067,"[""dermatology_ai_fairness_and_skin_tone""]",1,8,13.345098,60.190196,UNADJUDICATED,PENDING_EVIDENCE_RESOLUTION,41,1,"[""TC-NOV-004""]"
TC-NOV-001,14,doi:10.19184/cerimre.v5i2.31668,Optical Ray Tracing Simulation by Using Monte Carlo Method for Reflectance-based Photoplethysmography Sensor in Human Skin and Fingertip Model,2022.0,10.19184/cerimre.v5i2.31668,,,https://doi.org/10.19184/cerimre.v5i2.31668,"[""skin_tissue_optical_forward_models""]",1,5,16.0,78.0,UNADJUDICATED,PENDING_EVIDENCE_RESOLUTION,42,1,"[""TC-NOV-001""]"
TC-NOV-003,14,doi:10.3390/jimaging9020047,Spectral Reflectance Estimation from Camera Responses Using Local Optimal Dataset,2023.0,10.3390/jimaging9020047,36826966.0,,https://doi.org/10.3390/jimaging9020047,"[""camera_spectral_sensitivity_and_observation_operators""]",1,3,11.278151,76.88963533333333,UNADJUDICATED,PENDING_EVIDENCE_RESOLUTION,43,1,"[""TC-NOV-003""]"
TC-NOV-004,14,doi:10.1364/boe.570414,Dynamic contrast in dual-beam optical coherence tomography imaging of human skin.,2025.0,10.1364/boe.570414,41394505.0,,https://europepmc.org/article/MED/41394505,"[""physics_informed_clinical_image_analysis""]",1,5,8.80103,58.60206,UNADJUDICATED,PENDING_EVIDENCE_RESOLUTION,44,1,"[""TC-NOV-004""]"
TC-NOV-001,15,doi:10.1111/srt.12396,"SpectraCam<sup>®</sup>: A new polarized hyperspectral imaging system for repeatable and reproducible in vivo skin quantification of melanin, total hemoglobin, and oxygen saturation",2018.0,10.1111/srt.12396,,,https://doi.org/10.1111/srt.12396,"[""fisher_information_and_cramer_rao_skin_imaging"",""melanin_hemoglobin_and_scattering_identifiability""]",2,6,11.623249,76.91316466666666,UNADJUDICATED,PENDING_EVIDENCE_RESOLUTION,45,1,"[""TC-NOV-001""]"
TC-NOV-003,15,doi:10.1111/j.1600-0846.1997.tb00191.x,A comparison between a tristimulus colorimeter (Minolta ChromaMeter CR‐200) and two spectrophotometers (Minolta Spectrophotometer CM‐508i and CM‐2002). Quantification of UV‐B induced erythema in a hairless guinea pig model,1997.0,10.1111/j.1600-0846.1997.tb00191.x,,,https://doi.org/10.1111/j.1600-0846.1997.tb00191.x,"[""skin_colorimetry_ita_and_color_measurement""]",1,3,11.113943,76.56121933333334,INCLUDE_CONTEXTUAL,PENDING_EVIDENCE_RESOLUTION,46,1,"[""TC-NOV-003""]"
TC-NOV-006,15,doi:10.1109/iccphot.2016.7492879,White balance under mixed illumination using flash photography,2016.0,10.1109/iccphot.2016.7492879,,,https://doi.org/10.1109/iccphot.2016.7492879,"[""capture_variability_white_balance_and_illumination""]",1,5,10.255273,61.510546000000005,UNADJUDICATED,PENDING_EVIDENCE_RESOLUTION,47,1,"[""TC-NOV-006""]"
TC-NOV-004,15,doi:10.1093/bjd/ljag151.052,P11 Objective measurement of skin tone using artificial intelligence,2026.0,10.1093/bjd/ljag151.052,,,https://doi.org/10.1093/bjd/ljag151.052,"[""dermatology_ai_fairness_and_skin_tone""]",1,9,12.5,57.11111111111112,UNADJUDICATED,PENDING_EVIDENCE_RESOLUTION,48,1,"[""TC-NOV-004""]"
